{
  "returnId": "346e9a15-63d5-428d-9d2c-5a9886685488",
  "year": 2025,
  "summary": {
    "line1z_total_wages": 183248.35,
    "line9_total_income": 189104.55000000002,
    "line11_agi": 189104.55000000002,
    "line15_taxable_income": 164769.47000000003,
    "line24_total_tax": 32391.672800000008,
    "line33_total_payments": 32652.03,
    "line35a_refund": 260.3571999999913
  },
  "forms": [
    "agi_aggregator",
    "eitc",
    "f1040",
    "f1099int",
    "f1099r",
    "f2441",
    "f8812",
    "form6251",
    "form8959",
    "form8960",
    "form8962",
    "form8995",
    "general",
    "income_tax_calculation",
    "schedule1",
    "schedule_a",
    "schedule_b",
    "schedule_se",
    "standard_deduction",
    "w2"
  ],
  "lines": {
    "line25a_w2_withheld": [
      32652.03,
      32652.03
    ],
    "line1a_wages": [
      183248.35,
      183248.35
    ],
    "line4a_ira_gross": [
      5127.89,
      5127.89
    ],
    "line4b_ira_taxable": [
      5127.89,
      5127.89
    ],
    "line5b_pension_taxable": [
      0,
      0
    ],
    "filing_status": "single",
    "dependent_count": 0,
    "qualifying_child_tax_credit_count": 0,
    "other_dependent_count": 0,
    "taxpayer_first_name": "John",
    "taxpayer_last_name": "James",
    "address_city": "Springfield",
    "address_state": "IL",
    "address_zip": "62701",
    "line2b_taxable_interest": [
      728.31,
      728.31
    ],
    "line11_agi": [
      189104.55000000002,
      189104.55000000002
    ],
    "line12e_itemized_deductions": [
      24335.08,
      24335.08
    ],
    "line15_taxable_income": [
      164769.47000000003,
      164769.47000000003
    ],
    "line16_income_tax": [
      32391.672800000008,
      32391.672800000008
    ],
    "line1z_total_wages": 183248.35,
    "line9_total_income": 189104.55000000002,
    "line18_total_tax_before_credits": 32391.672800000008,
    "line21_credits_total": 0,
    "line22_tax_after_credits": 32391.672800000008,
    "line24_total_tax": 32391.672800000008,
    "line25d_total_withholding": 32652.03,
    "line33_total_payments": 32652.03,
    "line10_adjustments": 0,
    "line14_deductions_qbi_total": 24335.08,
    "line32_refundable_credits_total": 0,
    "line34_overpayment": 260.3571999999913,
    "line35a_refund": 260.3571999999913
  },
  "warnings": [
    "[EXECUTOR_NODE_FAILURE] f2441: Zod validation failed for node \"f2441\": [\n  {\n    \"code\": \"invalid_type\",\n    \"expected\": \"array\",\n    \"received\": \"undefined\",\n    \"path\": [\n      \"f2441s\"\n    ],\n    \"message\": \"Required\"\n  }\n]"
  ]
}
