{
  "returnId": "8a559cbd-83ec-418a-9859-93003e3d410c",
  "year": 2025,
  "summary": {
    "line1z_total_wages": 27702.68,
    "line9_total_income": 86330.06,
    "line11_agi": 86330.06,
    "line15_taxable_income": 54830.06,
    "line24_total_tax": 2942.4716,
    "line33_total_payments": 3406.38,
    "line35a_refund": 463.90840000000026
  },
  "forms": [
    "agi_aggregator",
    "eitc",
    "f1040",
    "f1099b",
    "f1099div",
    "f1099int",
    "f1099r",
    "f2441",
    "f8812",
    "form6251",
    "form8949",
    "form8959",
    "form8960",
    "form8962",
    "form8995",
    "general",
    "income_tax_calculation",
    "schedule1",
    "schedule3",
    "schedule_a",
    "schedule_b",
    "schedule_d",
    "schedule_se",
    "ssa1099",
    "standard_deduction",
    "w2"
  ],
  "lines": {
    "line25a_w2_withheld": [
      202.38,
      202.38
    ],
    "line1a_wages": [
      27702.68,
      27702.68
    ],
    "line3a_qualified_dividends": [
      2255.88,
      2255.88
    ],
    "line4a_ira_gross": [
      6000,
      6000
    ],
    "line4b_ira_taxable": [
      6000,
      6000
    ],
    "line5a_pension_gross": [
      17866.56,
      17866.56
    ],
    "line5b_pension_taxable": [
      17798.64,
      17798.64
    ],
    "line25b_withheld_1099": [
      3204,
      3204
    ],
    "line6a_ss_gross": [
      4891,
      4891
    ],
    "filing_status": "mfj",
    "dependent_count": 0,
    "qualifying_child_tax_credit_count": 0,
    "other_dependent_count": 0,
    "taxpayer_first_name": "John",
    "taxpayer_last_name": "James",
    "spouse_first_name": "Sarah",
    "spouse_last_name": "James",
    "address_city": "Springfield",
    "address_state": "IL",
    "address_zip": "62701",
    "line2b_taxable_interest": [
      1243.93,
      1243.93
    ],
    "line3b_ordinary_dividends": [
      5926.96,
      5926.96
    ],
    "line7_capital_gain": [
      23500.499999999996,
      23500.499999999996
    ],
    "line11_agi": [
      86330.06,
      86330.06
    ],
    "line6b_ss_taxable": [
      4157.349999999999,
      4157.349999999999
    ],
    "line12e_itemized_deductions": [
      0,
      0
    ],
    "line12a_standard_deduction": [
      31500,
      31500
    ],
    "line15_taxable_income": [
      54830.06,
      54830.06
    ],
    "line16_income_tax": [
      3011.8415999999997,
      3011.8415999999997
    ],
    "line20_nonrefundable_credits": 69.37,
    "line1z_total_wages": 27702.68,
    "line9_total_income": 86330.06,
    "line18_total_tax_before_credits": 3011.8415999999997,
    "line21_credits_total": 69.37,
    "line22_tax_after_credits": 2942.4716,
    "line24_total_tax": 2942.4716,
    "line25d_total_withholding": 3406.38,
    "line33_total_payments": 3406.38,
    "line10_adjustments": 0,
    "line14_deductions_qbi_total": 31500,
    "line32_refundable_credits_total": 0,
    "line34_overpayment": 463.90840000000026,
    "line35a_refund": 463.90840000000026
  },
  "warnings": [
    "[EXECUTOR_NODE_FAILURE] f2441: Zod validation failed for node \"f2441\": [\n  {\n    \"code\": \"invalid_type\",\n    \"expected\": \"array\",\n    \"received\": \"undefined\",\n    \"path\": [\n      \"f2441s\"\n    ],\n    \"message\": \"Required\"\n  }\n]"
  ]
}
