{
  "returnId": "2feba563-ab7f-4b9f-af63-623b4ae6153b",
  "year": 2025,
  "summary": {
    "line1z_total_wages": 170776.59999999998,
    "line9_total_income": 171138.89999999997,
    "line11_agi": 170750.16999999995,
    "line15_taxable_income": 139250.16999999995,
    "line24_total_tax": 20463.03739999999,
    "line33_total_payments": 14795.779999999999,
    "line37_amount_owed": 5667.257399999991
  },
  "forms": [
    "agi_aggregator",
    "eitc",
    "f1040",
    "f1098e",
    "f1099int",
    "f2441",
    "f8812",
    "form6251",
    "form8959",
    "form8960",
    "form8962",
    "form8995",
    "general",
    "income_tax_calculation",
    "schedule1",
    "schedule3",
    "schedule_a",
    "schedule_b",
    "schedule_se",
    "standard_deduction",
    "w2"
  ],
  "lines": {
    "line25a_w2_withheld": [
      13751.02,
      13751.02
    ],
    "line1a_wages": [
      170776.59999999998,
      170776.59999999998
    ],
    "filing_status": "mfj",
    "dependent_count": 0,
    "qualifying_child_tax_credit_count": 0,
    "other_dependent_count": 0,
    "taxpayer_first_name": "John",
    "taxpayer_last_name": "James",
    "spouse_first_name": "Sarah",
    "spouse_last_name": "James",
    "address_city": "Springfield",
    "address_state": "IL",
    "address_zip": "62701",
    "line2b_taxable_interest": [
      362.3,
      362.3
    ],
    "line11_agi": [
      170750.16999999995,
      170750.16999999995
    ],
    "line10_adjustments": [
      388.73,
      388.73
    ],
    "line12e_itemized_deductions": [
      15936.64,
      15936.64
    ],
    "line12a_standard_deduction": [
      31500,
      31500
    ],
    "line15_taxable_income": [
      139250.16999999995,
      139250.16999999995
    ],
    "line16_income_tax": [
      20463.03739999999,
      20463.03739999999
    ],
    "line31_additional_payments": [
      1044.7599999999984,
      1044.7599999999984
    ],
    "line1z_total_wages": 170776.59999999998,
    "line9_total_income": 171138.89999999997,
    "line18_total_tax_before_credits": 20463.03739999999,
    "line21_credits_total": 0,
    "line22_tax_after_credits": 20463.03739999999,
    "line24_total_tax": 20463.03739999999,
    "line25d_total_withholding": 13751.02,
    "line33_total_payments": 14795.779999999999,
    "line14_deductions_qbi_total": 15936.64,
    "line32_refundable_credits_total": 1044.7599999999984,
    "line37_amount_owed": 5667.257399999991
  },
  "warnings": [
    "[EXECUTOR_NODE_FAILURE] f2441: Zod validation failed for node \"f2441\": [\n  {\n    \"code\": \"invalid_type\",\n    \"expected\": \"array\",\n    \"received\": \"undefined\",\n    \"path\": [\n      \"f2441s\"\n    ],\n    \"message\": \"Required\"\n  }\n]"
  ]
}
