{
  "returnId": "b1ae9bed-fc15-4c20-83a0-d4b9d85c642b",
  "year": 2025,
  "summary": {
    "line1z_total_wages": 78082.73000000001,
    "line9_total_income": 78082.73000000001,
    "line11_agi": 77128.77,
    "line15_taxable_income": 53503.770000000004,
    "line24_total_tax": 5080.4524,
    "line33_total_payments": 5514.21,
    "line35a_refund": 433.7575999999999
  },
  "forms": [
    "agi_aggregator",
    "eitc",
    "f1040",
    "f1098e",
    "f2441",
    "f8812",
    "form6251",
    "form8880",
    "form8959",
    "form8960",
    "form8962",
    "form8995",
    "general",
    "income_tax_calculation",
    "schedule1",
    "schedule3",
    "schedule_a",
    "schedule_se",
    "standard_deduction",
    "w2"
  ],
  "lines": {
    "line25a_w2_withheld": [
      5514.2,
      5514.2
    ],
    "line1a_wages": [
      78082.73000000001,
      78082.73000000001
    ],
    "filing_status": "hoh",
    "dependent_count": 2,
    "qualifying_child_tax_credit_count": 0,
    "other_dependent_count": 2,
    "taxpayer_first_name": "John",
    "taxpayer_last_name": "James",
    "address_city": "Springfield",
    "address_state": "IL",
    "address_zip": "62701",
    "line25c_additional_medicare_withheld": 0.01,
    "line11_agi": [
      77128.77,
      77128.77
    ],
    "line10_adjustments": [
      953.96,
      953.96
    ],
    "line12e_itemized_deductions": [
      16946.370000000003,
      16946.370000000003
    ],
    "line12a_standard_deduction": [
      23625,
      23625
    ],
    "line15_taxable_income": [
      53503.770000000004,
      53503.770000000004
    ],
    "line16_income_tax": [
      6080.4524,
      6080.4524
    ],
    "line20_nonrefundable_credits": 1000,
    "line1z_total_wages": 78082.73000000001,
    "line9_total_income": 78082.73000000001,
    "line18_total_tax_before_credits": 6080.4524,
    "line21_credits_total": 1000,
    "line22_tax_after_credits": 5080.4524,
    "line24_total_tax": 5080.4524,
    "line25d_total_withholding": 5514.21,
    "line33_total_payments": 5514.21,
    "line14_deductions_qbi_total": 16946.370000000003,
    "line32_refundable_credits_total": 0,
    "line34_overpayment": 433.7575999999999,
    "line35a_refund": 433.7575999999999
  },
  "warnings": [
    "[EXECUTOR_NODE_FAILURE] f2441: Zod validation failed for node \"f2441\": [\n  {\n    \"code\": \"invalid_type\",\n    \"expected\": \"array\",\n    \"received\": \"undefined\",\n    \"path\": [\n      \"f2441s\"\n    ],\n    \"message\": \"Required\"\n  }\n]"
  ]
}
