{
  "returnId": "e7cfa749-dc3f-48ae-88c6-588fb8beb522",
  "year": 2025,
  "summary": {
    "line1z_total_wages": 710911.55,
    "line9_total_income": 904592.6000000001,
    "line11_agi": 904592.6000000001,
    "line15_taxable_income": 888842.6000000001,
    "line24_total_tax": 284716.34790000005,
    "line33_total_payments": 300080.49,
    "line35a_refund": 15364.14209999994
  },
  "forms": [
    "agi_aggregator",
    "eitc",
    "f1040",
    "f1099b",
    "f1099div",
    "f1099int",
    "f1099m",
    "f1099r",
    "f2441",
    "f8812",
    "form6251",
    "form8949",
    "form8959",
    "form8960",
    "form8962",
    "form8995",
    "form_1116",
    "general",
    "income_tax_calculation",
    "k1_partnership",
    "schedule1",
    "schedule2",
    "schedule3",
    "schedule_a",
    "schedule_b",
    "schedule_d",
    "standard_deduction",
    "w2"
  ],
  "lines": {
    "line25a_w2_withheld": [
      295482.29,
      295482.29
    ],
    "line1a_wages": [
      710911.55,
      710911.55
    ],
    "line3a_qualified_dividends": [
      42253.85,
      983,
      43236.85
    ],
    "line4a_ira_gross": [
      8000,
      8000
    ],
    "line4b_ira_taxable": [
      8000,
      8000
    ],
    "line5b_pension_taxable": [
      0,
      0
    ],
    "filing_status": "single",
    "dependent_count": 0,
    "qualifying_child_tax_credit_count": 0,
    "other_dependent_count": 0,
    "taxpayer_first_name": "John",
    "taxpayer_last_name": "James",
    "address_city": "Springfield",
    "address_state": "IL",
    "address_zip": "62701",
    "line2b_taxable_interest": [
      20114.39,
      20114.39
    ],
    "line3b_ordinary_dividends": [
      115183.78000000003,
      115183.78000000003
    ],
    "line7_capital_gain": [
      30045.879999999994,
      30045.879999999994
    ],
    "line25c_additional_medicare_withheld": 4598.2,
    "line11_agi": [
      904592.6000000001,
      904592.6000000001
    ],
    "line8_additional_income": 20337,
    "line12e_itemized_deductions": [
      6,
      6
    ],
    "line12a_standard_deduction": [
      15750,
      15750
    ],
    "line15_taxable_income": [
      888842.6000000001,
      888842.6000000001
    ],
    "line16_income_tax": [
      273433.9479,
      273433.9479
    ],
    "line17_additional_taxes": [
      11654.08,
      11654.08
    ],
    "line20_nonrefundable_credits": 371.68,
    "line1z_total_wages": 710911.55,
    "line9_total_income": 904592.6000000001,
    "line18_total_tax_before_credits": 285088.02790000004,
    "line21_credits_total": 371.68,
    "line22_tax_after_credits": 284716.34790000005,
    "line24_total_tax": 284716.34790000005,
    "line25d_total_withholding": 300080.49,
    "line33_total_payments": 300080.49,
    "line10_adjustments": 0,
    "line14_deductions_qbi_total": 6,
    "line32_refundable_credits_total": 0,
    "line34_overpayment": 15364.14209999994,
    "line35a_refund": 15364.14209999994
  },
  "warnings": [
    "[EXECUTOR_NODE_FAILURE] f2441: Zod validation failed for node \"f2441\": [\n  {\n    \"code\": \"invalid_type\",\n    \"expected\": \"array\",\n    \"received\": \"undefined\",\n    \"path\": [\n      \"f2441s\"\n    ],\n    \"message\": \"Required\"\n  }\n]"
  ]
}
