{
  "returnId": "50c9bc7c-e8e1-4f99-afd6-77ab36907cc6",
  "year": 2025,
  "summary": {
    "line1z_total_wages": 78082.73000000001,
    "line9_total_income": 78082.73000000001,
    "line11_agi": 78082.73000000001,
    "line15_taxable_income": 54457.73000000001,
    "line24_total_tax": 6194.927600000001,
    "line33_total_payments": 5514.2,
    "line37_amount_owed": 680.7276000000011
  },
  "forms": [
    "agi_aggregator",
    "eitc",
    "f1040",
    "f2441",
    "f8812",
    "form6251",
    "form8959",
    "form8960",
    "form8962",
    "form8995",
    "general",
    "income_tax_calculation",
    "schedule1",
    "schedule_a",
    "schedule_se",
    "standard_deduction",
    "w2"
  ],
  "lines": {
    "line25a_w2_withheld": [
      5514.2,
      5514.2
    ],
    "line1a_wages": [
      78082.73000000001,
      78082.73000000001
    ],
    "filing_status": "hoh",
    "dependent_count": 0,
    "qualifying_child_tax_credit_count": 0,
    "other_dependent_count": 0,
    "taxpayer_first_name": "John",
    "taxpayer_last_name": "James",
    "address_city": "Springfield",
    "address_state": "IL",
    "address_zip": "62701",
    "line11_agi": [
      78082.73000000001,
      78082.73000000001
    ],
    "line12e_itemized_deductions": [
      0,
      0
    ],
    "line12a_standard_deduction": [
      23625,
      23625
    ],
    "line15_taxable_income": [
      54457.73000000001,
      54457.73000000001
    ],
    "line16_income_tax": [
      6194.927600000001,
      6194.927600000001
    ],
    "line1z_total_wages": 78082.73000000001,
    "line9_total_income": 78082.73000000001,
    "line18_total_tax_before_credits": 6194.927600000001,
    "line21_credits_total": 0,
    "line22_tax_after_credits": 6194.927600000001,
    "line24_total_tax": 6194.927600000001,
    "line25d_total_withholding": 5514.2,
    "line33_total_payments": 5514.2,
    "line10_adjustments": 0,
    "line14_deductions_qbi_total": 23625,
    "line32_refundable_credits_total": 0,
    "line37_amount_owed": 680.7276000000011
  },
  "warnings": [
    "[EXECUTOR_NODE_FAILURE] f2441: Zod validation failed for node \"f2441\": [\n  {\n    \"code\": \"invalid_type\",\n    \"expected\": \"array\",\n    \"received\": \"undefined\",\n    \"path\": [\n      \"f2441s\"\n    ],\n    \"message\": \"Required\"\n  }\n]"
  ]
}
