{
  "returnId": "410650ac-7419-4cd2-a55b-7b774129caad",
  "year": 2025,
  "summary": {
    "line1z_total_wages": 988666.16,
    "line9_total_income": 1011603.5800000001,
    "line11_agi": 1011603.5800000001,
    "line15_taxable_income": 864589.3700000001,
    "line24_total_tax": 252187.24190000005,
    "line33_total_payments": 208643.91,
    "line37_amount_owed": 43543.33190000005
  },
  "forms": [
    "agi_aggregator",
    "eitc",
    "f1040",
    "f1099b",
    "f1099div",
    "f1099int",
    "f2441",
    "f8812",
    "form6251",
    "form8949",
    "form8959",
    "form8960",
    "form8962",
    "form8995",
    "general",
    "income_tax_calculation",
    "schedule1",
    "schedule2",
    "schedule_a",
    "schedule_b",
    "schedule_d",
    "schedule_se",
    "standard_deduction",
    "w2"
  ],
  "lines": {
    "line25a_w2_withheld": [
      200734.56,
      200734.56
    ],
    "line1a_wages": [
      988666.16,
      988666.16
    ],
    "line3a_qualified_dividends": [
      613.5,
      613.5
    ],
    "filing_status": "mfj",
    "dependent_count": 2,
    "qualifying_child_tax_credit_count": 0,
    "other_dependent_count": 0,
    "taxpayer_first_name": "John",
    "taxpayer_last_name": "James",
    "spouse_first_name": "Sarah",
    "spouse_last_name": "James",
    "address_city": "Springfield",
    "address_state": "IL",
    "address_zip": "62701",
    "line2b_taxable_interest": [
      43.95,
      43.95
    ],
    "line3b_ordinary_dividends": [
      6607.31,
      6607.31
    ],
    "line7_capital_gain": [
      16286.160000000047,
      16286.160000000047
    ],
    "line25c_additional_medicare_withheld": 7909.35,
    "line11_agi": [
      1011603.5800000001,
      1011603.5800000001
    ],
    "line12e_itemized_deductions": [
      147014.21,
      147014.21
    ],
    "line15_taxable_income": [
      864589.3700000001,
      864589.3700000001
    ],
    "line16_income_tax": [
      243856.27190000005,
      243856.27190000005
    ],
    "line17_additional_taxes": [
      8330.970000000001,
      8330.970000000001
    ],
    "line1z_total_wages": 988666.16,
    "line9_total_income": 1011603.5800000001,
    "line18_total_tax_before_credits": 252187.24190000005,
    "line21_credits_total": 0,
    "line22_tax_after_credits": 252187.24190000005,
    "line24_total_tax": 252187.24190000005,
    "line25d_total_withholding": 208643.91,
    "line33_total_payments": 208643.91,
    "line10_adjustments": 0,
    "line14_deductions_qbi_total": 147014.21,
    "line32_refundable_credits_total": 0,
    "line37_amount_owed": 43543.33190000005
  },
  "warnings": [
    "[EXECUTOR_NODE_FAILURE] f2441: Zod validation failed for node \"f2441\": [\n  {\n    \"code\": \"invalid_type\",\n    \"expected\": \"array\",\n    \"received\": \"undefined\",\n    \"path\": [\n      \"f2441s\"\n    ],\n    \"message\": \"Required\"\n  }\n]"
  ]
}
