{
  "returnId": "52f75acf-1585-43f9-a46f-1152d1c4a899",
  "year": 2025,
  "summary": {
    "line1z_total_wages": 0,
    "line9_total_income": 129224.36999999998,
    "line11_agi": 129224.36999999998,
    "line15_taxable_income": 97724.36999999998,
    "line24_total_tax": 10960.775899999997,
    "line33_total_payments": 20035.13,
    "line35a_refund": 9074.354100000004
  },
  "forms": [
    "agi_aggregator",
    "eitc",
    "f1040",
    "f1099b",
    "f1099div",
    "f1099int",
    "f1099m",
    "f1099r",
    "f2441",
    "f8812",
    "form6251",
    "form8880",
    "form8949",
    "form8959",
    "form8960",
    "form8962",
    "form8995",
    "general",
    "income_tax_calculation",
    "schedule1",
    "schedule3",
    "schedule_a",
    "schedule_b",
    "schedule_d",
    "ssa1099",
    "standard_deduction"
  ],
  "lines": {
    "line3a_qualified_dividends": [
      796.78,
      796.78
    ],
    "line4a_ira_gross": [
      41910.07,
      41910.07
    ],
    "line4b_ira_taxable": [
      41910.07,
      41910.07
    ],
    "line5a_pension_gross": [
      40957.520000000004,
      40957.520000000004
    ],
    "line5b_pension_taxable": [
      40957.520000000004,
      40957.520000000004
    ],
    "line25b_withheld_1099": [
      20035.13,
      20035.13
    ],
    "line6a_ss_gross": [
      41232,
      41232
    ],
    "filing_status": "mfj",
    "dependent_count": 0,
    "qualifying_child_tax_credit_count": 0,
    "other_dependent_count": 0,
    "taxpayer_first_name": "John",
    "taxpayer_last_name": "James",
    "spouse_first_name": "Sarah",
    "spouse_last_name": "James",
    "address_city": "Springfield",
    "address_state": "IL",
    "address_zip": "62701",
    "line2b_taxable_interest": [
      1235.8600000000001,
      1235.8600000000001
    ],
    "line3b_ordinary_dividends": [
      7552.3,
      7552.3
    ],
    "line7_capital_gain": [
      2295.6699999999837,
      2295.6699999999837
    ],
    "line11_agi": [
      129224.36999999998,
      129224.36999999998
    ],
    "line8_additional_income": 225.75,
    "line6b_ss_taxable": [
      35047.2,
      35047.2
    ],
    "line12e_itemized_deductions": [
      0,
      0
    ],
    "line12a_standard_deduction": [
      31500,
      31500
    ],
    "line15_taxable_income": [
      97724.36999999998,
      97724.36999999998
    ],
    "line16_income_tax": [
      11032.485899999996,
      11032.485899999996
    ],
    "line20_nonrefundable_credits": 71.71,
    "line1z_total_wages": 0,
    "line9_total_income": 129224.36999999998,
    "line18_total_tax_before_credits": 11032.485899999996,
    "line21_credits_total": 71.71,
    "line22_tax_after_credits": 10960.775899999997,
    "line24_total_tax": 10960.775899999997,
    "line25d_total_withholding": 20035.13,
    "line33_total_payments": 20035.13,
    "line10_adjustments": 0,
    "line14_deductions_qbi_total": 31500,
    "line32_refundable_credits_total": 0,
    "line34_overpayment": 9074.354100000004,
    "line35a_refund": 9074.354100000004
  },
  "warnings": [
    "[EXECUTOR_NODE_FAILURE] f2441: Zod validation failed for node \"f2441\": [\n  {\n    \"code\": \"invalid_type\",\n    \"expected\": \"array\",\n    \"received\": \"undefined\",\n    \"path\": [\n      \"f2441s\"\n    ],\n    \"message\": \"Required\"\n  }\n]"
  ]
}
