{
  "returnId": "99976358-275e-4e4f-812e-e0085c1791f8",
  "year": 2025,
  "summary": {
    "line1z_total_wages": 17307.72,
    "line9_total_income": 57186.41099999999,
    "line11_agi": 57186.41099999999,
    "line15_taxable_income": 41436.41099999999,
    "line24_total_tax": 4032.2549199999976,
    "line33_total_payments": 1192.68,
    "line37_amount_owed": 2839.5749199999973
  },
  "forms": [
    "agi_aggregator",
    "eitc",
    "f1040",
    "f1099b",
    "f1099div",
    "f1099int",
    "f2441",
    "f8812",
    "form6251",
    "form8949",
    "form8959",
    "form8960",
    "form8962",
    "form8995",
    "general",
    "income_tax_calculation",
    "schedule1",
    "schedule3",
    "schedule_a",
    "schedule_b",
    "schedule_d",
    "ssa1099",
    "standard_deduction",
    "w2"
  ],
  "lines": {
    "line25a_w2_withheld": [
      1192.68,
      1192.68
    ],
    "line1a_wages": [
      17307.72,
      17307.72
    ],
    "line3a_qualified_dividends": [
      2802.99,
      2802.99
    ],
    "line6a_ss_gross": [
      26556,
      26556
    ],
    "filing_status": "single",
    "dependent_count": 0,
    "qualifying_child_tax_credit_count": 0,
    "other_dependent_count": 0,
    "taxpayer_first_name": "John",
    "taxpayer_last_name": "James",
    "address_city": "Springfield",
    "address_state": "IL",
    "address_zip": "62701",
    "line2b_taxable_interest": [
      8564.43,
      8564.43
    ],
    "line3b_ordinary_dividends": [
      9834.53,
      9834.53
    ],
    "line7_capital_gain": [
      2293.38,
      2293.38
    ],
    "line11_agi": [
      57186.41099999999,
      57186.41099999999
    ],
    "line6b_ss_taxable": [
      19186.350999999995,
      19186.350999999995
    ],
    "line12e_itemized_deductions": [
      0,
      0
    ],
    "line12a_standard_deduction": [
      15750,
      15750
    ],
    "line15_taxable_income": [
      41436.41099999999,
      41436.41099999999
    ],
    "line16_income_tax": [
      4122.304919999998,
      4122.304919999998
    ],
    "line20_nonrefundable_credits": 90.05,
    "line1z_total_wages": 17307.72,
    "line9_total_income": 57186.41099999999,
    "line18_total_tax_before_credits": 4122.304919999998,
    "line21_credits_total": 90.05,
    "line22_tax_after_credits": 4032.2549199999976,
    "line24_total_tax": 4032.2549199999976,
    "line25d_total_withholding": 1192.68,
    "line33_total_payments": 1192.68,
    "line10_adjustments": 0,
    "line14_deductions_qbi_total": 15750,
    "line32_refundable_credits_total": 0,
    "line37_amount_owed": 2839.5749199999973
  },
  "warnings": [
    "[EXECUTOR_NODE_FAILURE] f2441: Zod validation failed for node \"f2441\": [\n  {\n    \"code\": \"invalid_type\",\n    \"expected\": \"array\",\n    \"received\": \"undefined\",\n    \"path\": [\n      \"f2441s\"\n    ],\n    \"message\": \"Required\"\n  }\n]"
  ]
}
