{
  "returnId": "4447a1ba-73d8-48f0-b55f-0ca14ca71d36",
  "year": 2025,
  "summary": {
    "line1z_total_wages": 295230.09,
    "line9_total_income": 295230.09,
    "line11_agi": 295230.09,
    "line15_taxable_income": 239030.50000000003,
    "line24_total_tax": 39113.39000000001,
    "line33_total_payments": 46181.6,
    "line35a_refund": 7068.209999999992
  },
  "forms": [
    "agi_aggregator",
    "eitc",
    "f1040",
    "f2441",
    "f8812",
    "form6251",
    "form8959",
    "form8960",
    "form8962",
    "form8995",
    "general",
    "income_tax_calculation",
    "schedule1",
    "schedule2",
    "schedule3",
    "schedule_a",
    "schedule_se",
    "standard_deduction",
    "w2"
  ],
  "lines": {
    "line25a_w2_withheld": [
      40398.22,
      40398.22
    ],
    "line1a_wages": [
      295230.09,
      295230.09
    ],
    "filing_status": "mfj",
    "dependent_count": 2,
    "qualifying_child_tax_credit_count": 2,
    "other_dependent_count": 0,
    "taxpayer_first_name": "John",
    "taxpayer_last_name": "James",
    "spouse_first_name": "Sarah",
    "spouse_last_name": "James",
    "address_city": "Springfield",
    "address_state": "IL",
    "address_zip": "62701",
    "line25c_additional_medicare_withheld": 72.85,
    "line11_agi": [
      295230.09,
      295230.09
    ],
    "line12e_itemized_deductions": [
      56199.590000000004,
      56199.590000000004
    ],
    "line15_taxable_income": [
      239030.50000000003,
      239030.50000000003
    ],
    "line16_income_tax": [
      43061.32000000001,
      43061.32000000001
    ],
    "line17_additional_taxes": [
      452.07,
      452.07
    ],
    "line20_nonrefundable_credits": 4400,
    "line31_additional_payments": [
      5710.529999999999,
      5710.529999999999
    ],
    "line1z_total_wages": 295230.09,
    "line9_total_income": 295230.09,
    "line18_total_tax_before_credits": 43513.39000000001,
    "line21_credits_total": 4400,
    "line22_tax_after_credits": 39113.39000000001,
    "line24_total_tax": 39113.39000000001,
    "line25d_total_withholding": 40471.07,
    "line33_total_payments": 46181.6,
    "line10_adjustments": 0,
    "line14_deductions_qbi_total": 56199.590000000004,
    "line32_refundable_credits_total": 5710.529999999999,
    "line34_overpayment": 7068.209999999992,
    "line35a_refund": 7068.209999999992
  },
  "warnings": [
    "[EXECUTOR_NODE_FAILURE] f2441: Zod validation failed for node \"f2441\": [\n  {\n    \"code\": \"invalid_type\",\n    \"expected\": \"array\",\n    \"received\": \"undefined\",\n    \"path\": [\n      \"f2441s\"\n    ],\n    \"message\": \"Required\"\n  }\n]"
  ]
}
