{
  "returnId": "8fb26243-ab3a-4bbb-9d05-cd2557bc10ce",
  "year": 2025,
  "summary": {
    "line1z_total_wages": 102200,
    "line9_total_income": 11373543,
    "line11_agi": 11248263.433676,
    "line15_taxable_income": 10177476.433676,
    "line24_total_tax": 4391418.60310812,
    "line33_total_payments": 11186,
    "line37_amount_owed": 4380232.60310812
  },
  "forms": [
    "agi_aggregator",
    "eitc",
    "f1040",
    "f1099b",
    "f1099div",
    "f1099int",
    "f1099r",
    "f2441",
    "f8812",
    "form5329",
    "form6251",
    "form8949",
    "form8959",
    "form8960",
    "form8962",
    "form8995",
    "general",
    "income_tax_calculation",
    "k1_partnership",
    "schedule1",
    "schedule2",
    "schedule_a",
    "schedule_b",
    "schedule_d",
    "schedule_se",
    "standard_deduction",
    "w2"
  ],
  "lines": {
    "line25a_w2_withheld": [
      8786,
      8786
    ],
    "line1a_wages": [
      102200,
      102200
    ],
    "line3a_qualified_dividends": [
      21874,
      423345,
      445219
    ],
    "line4a_ira_gross": [
      12000,
      12000
    ],
    "line4b_ira_taxable": [
      0,
      0
    ],
    "line25b_withheld_1099": [
      2400,
      2400
    ],
    "filing_status": "single",
    "dependent_count": 0,
    "qualifying_child_tax_credit_count": 0,
    "other_dependent_count": 0,
    "taxpayer_first_name": "John",
    "taxpayer_last_name": "James",
    "address_city": "Springfield",
    "address_state": "IL",
    "address_zip": "62701",
    "line2b_taxable_interest": [
      249681,
      249681
    ],
    "line3b_ordinary_dividends": [
      496794,
      496794
    ],
    "line7_capital_gain": [
      276,
      276
    ],
    "line11_agi": [
      11248263.433676,
      11248263.433676
    ],
    "line8_additional_income": 10524592,
    "line10_adjustments": [
      125279.56632400001,
      125279.56632400001
    ],
    "line12e_itemized_deductions": [
      1070787,
      1070787
    ],
    "line15_taxable_income": [
      10177476.433676,
      10177476.433676
    ],
    "line16_income_tax": [
      3646999.30046012,
      3646999.30046012
    ],
    "line17_additional_taxes": [
      744419.3026480001,
      744419.3026480001
    ],
    "line1z_total_wages": 102200,
    "line9_total_income": 11373543,
    "line18_total_tax_before_credits": 4391418.60310812,
    "line21_credits_total": 0,
    "line22_tax_after_credits": 4391418.60310812,
    "line24_total_tax": 4391418.60310812,
    "line25d_total_withholding": 11186,
    "line33_total_payments": 11186,
    "line14_deductions_qbi_total": 1070787,
    "line32_refundable_credits_total": 0,
    "line37_amount_owed": 4380232.60310812
  },
  "warnings": [
    "[EXECUTOR_NODE_FAILURE] f2441: Zod validation failed for node \"f2441\": [\n  {\n    \"code\": \"invalid_type\",\n    \"expected\": \"array\",\n    \"received\": \"undefined\",\n    \"path\": [\n      \"f2441s\"\n    ],\n    \"message\": \"Required\"\n  }\n]"
  ]
}
