{
  "returnId": "317b924a-fd7b-46dd-bbf0-4a746a258618",
  "year": 2025,
  "summary": {
    "line1z_total_wages": 0,
    "line9_total_income": 75000,
    "line11_agi": 55943.41875,
    "line15_taxable_income": 32154.734999999997,
    "line24_total_tax": 14217.230699999998,
    "line33_total_payments": 0,
    "line37_amount_owed": 14217.230699999998
  },
  "forms": [
    "agi_aggregator",
    "eitc",
    "f1040",
    "f2441",
    "f8812",
    "form6251",
    "form8880",
    "form8959",
    "form8960",
    "form8962",
    "form8995",
    "general",
    "income_tax_calculation",
    "schedule1",
    "schedule2",
    "schedule_a",
    "schedule_c",
    "schedule_se",
    "sep_retirement",
    "standard_deduction"
  ],
  "lines": {
    "filing_status": "single",
    "dependent_count": 0,
    "qualifying_child_tax_credit_count": 0,
    "other_dependent_count": 0,
    "taxpayer_first_name": "Natalie",
    "taxpayer_last_name": "Rivera",
    "taxpayer_dob": "1982-09-28",
    "address_city": "Austin",
    "address_state": "TX",
    "address_zip": "78701",
    "line11_agi": [
      55943.41875,
      55943.41875
    ],
    "line8_additional_income": 75000,
    "line10_adjustments": [
      19056.58125,
      19056.58125
    ],
    "line12e_itemized_deductions": [
      0,
      0
    ],
    "line13_qbi_deduction": [
      8038.68375,
      8038.68375
    ],
    "line12a_standard_deduction": [
      15750,
      15750
    ],
    "line15_taxable_income": [
      32154.734999999997,
      32154.734999999997
    ],
    "line16_income_tax": [
      3620.0681999999997,
      3620.0681999999997
    ],
    "line17_additional_taxes": [
      10597.162499999999,
      10597.162499999999
    ],
    "line1z_total_wages": 0,
    "line9_total_income": 75000,
    "line18_total_tax_before_credits": 14217.230699999998,
    "line21_credits_total": 0,
    "line22_tax_after_credits": 14217.230699999998,
    "line24_total_tax": 14217.230699999998,
    "line25d_total_withholding": 0,
    "line33_total_payments": 0,
    "line14_deductions_qbi_total": 23788.68375,
    "line32_refundable_credits_total": 0,
    "line37_amount_owed": 14217.230699999998
  },
  "warnings": [
    "[EXECUTOR_NODE_FAILURE] f2441: Zod validation failed for node \"f2441\": [\n  {\n    \"code\": \"invalid_type\",\n    \"expected\": \"array\",\n    \"received\": \"undefined\",\n    \"path\": [\n      \"f2441s\"\n    ],\n    \"message\": \"Required\"\n  }\n]"
  ]
}
