{
  "returnId": "4798b99b-9883-4f25-80b3-40d74a43173e",
  "year": 2025,
  "summary": {
    "line1z_total_wages": 0,
    "line9_total_income": 206071.89000000004,
    "line11_agi": 206071.89,
    "line15_taxable_income": 190321.89,
    "line24_total_tax": 34110.605800000005,
    "line33_total_payments": 19705,
    "line37_amount_owed": 14405.605800000005
  },
  "forms": [
    "agi_aggregator",
    "eitc",
    "f1040",
    "f1040es",
    "f1099b",
    "f1099div",
    "f1099int",
    "f1099r",
    "f2441",
    "f8812",
    "form6251",
    "form8949",
    "form8959",
    "form8960",
    "form8962",
    "form8995",
    "general",
    "income_tax_calculation",
    "schedule1",
    "schedule2",
    "schedule3",
    "schedule_a",
    "schedule_b",
    "schedule_d",
    "ssa1099",
    "standard_deduction"
  ],
  "lines": {
    "line3a_qualified_dividends": [
      24774.06,
      24774.06
    ],
    "line4a_ira_gross": [
      102983,
      102983
    ],
    "line4b_ira_taxable": [
      102983,
      102983
    ],
    "line25b_withheld_1099": [
      10625,
      10625
    ],
    "line6a_ss_gross": [
      41172,
      41172
    ],
    "filing_status": "single",
    "dependent_count": 0,
    "qualifying_child_tax_credit_count": 0,
    "other_dependent_count": 0,
    "taxpayer_first_name": "John",
    "taxpayer_last_name": "James",
    "address_city": "Springfield",
    "address_state": "IL",
    "address_zip": "62701",
    "line26_estimated_tax": [
      9080,
      9080
    ],
    "line2b_taxable_interest": [
      14460.58,
      14460.58
    ],
    "line3b_ordinary_dividends": [
      27485.75,
      27485.75
    ],
    "line7_capital_gain": [
      26146.36000000002,
      26146.36000000002
    ],
    "line11_agi": [
      206071.89,
      206071.89
    ],
    "line6b_ss_taxable": [
      34996.2,
      34996.2
    ],
    "line12e_itemized_deductions": [
      0,
      0
    ],
    "line12a_standard_deduction": [
      15750,
      15750
    ],
    "line15_taxable_income": [
      190321.89,
      190321.89
    ],
    "line16_income_tax": [
      33941.4158,
      33941.4158
    ],
    "line17_additional_taxes": [
      230.73,
      230.73
    ],
    "line20_nonrefundable_credits": 61.54,
    "line1z_total_wages": 0,
    "line9_total_income": 206071.89000000004,
    "line18_total_tax_before_credits": 34172.145800000006,
    "line21_credits_total": 61.54,
    "line22_tax_after_credits": 34110.605800000005,
    "line24_total_tax": 34110.605800000005,
    "line25d_total_withholding": 10625,
    "line33_total_payments": 19705,
    "line10_adjustments": 0,
    "line14_deductions_qbi_total": 15750,
    "line32_refundable_credits_total": 0,
    "line37_amount_owed": 14405.605800000005
  },
  "warnings": [
    "[EXECUTOR_NODE_FAILURE] f2441: Zod validation failed for node \"f2441\": [\n  {\n    \"code\": \"invalid_type\",\n    \"expected\": \"array\",\n    \"received\": \"undefined\",\n    \"path\": [\n      \"f2441s\"\n    ],\n    \"message\": \"Required\"\n  }\n]"
  ]
}
