{
  "returnId": "fb5c1e0f-3c09-46c2-9a6c-e1468a0e0ebe",
  "year": 2025,
  "summary": {
    "line1z_total_wages": 102200,
    "line9_total_income": 919039,
    "line11_agi": 906057.048452,
    "line15_taxable_income": 890307.048452,
    "line24_total_tax": 336066.99102324,
    "line33_total_payments": 11186,
    "line37_amount_owed": 324880.99102324
  },
  "forms": [
    "agi_aggregator",
    "eitc",
    "f1040",
    "f1099div",
    "f1099int",
    "f1099r",
    "f2441",
    "f8812",
    "form5329",
    "form6251",
    "form8959",
    "form8960",
    "form8962",
    "form8995",
    "general",
    "income_tax_calculation",
    "k1_partnership",
    "schedule1",
    "schedule2",
    "schedule_a",
    "schedule_b",
    "schedule_se",
    "standard_deduction",
    "w2"
  ],
  "lines": {
    "line25a_w2_withheld": [
      8786,
      8786
    ],
    "line1a_wages": [
      102200,
      102200
    ],
    "line3a_qualified_dividends": [
      21874,
      29215,
      51089
    ],
    "line4a_ira_gross": [
      12000,
      12000
    ],
    "line4b_ira_taxable": [
      12000,
      12000
    ],
    "line25b_withheld_1099": [
      2400,
      2400
    ],
    "filing_status": "single",
    "dependent_count": 0,
    "qualifying_child_tax_credit_count": 0,
    "other_dependent_count": 0,
    "taxpayer_first_name": "John",
    "taxpayer_last_name": "James",
    "address_city": "Springfield",
    "address_state": "IL",
    "address_zip": "62701",
    "line2b_taxable_interest": [
      19237,
      19237
    ],
    "line3b_ordinary_dividends": [
      55218,
      55218
    ],
    "line11_agi": [
      906057.048452,
      906057.048452
    ],
    "line8_additional_income": 730384,
    "line10_adjustments": [
      12981.951548000001,
      12981.951548000001
    ],
    "line12e_itemized_deductions": [
      0,
      0
    ],
    "line12a_standard_deduction": [
      15750,
      15750
    ],
    "line15_taxable_income": [
      890307.048452,
      890307.048452
    ],
    "line16_income_tax": [
      277748.72792724,
      277748.72792724
    ],
    "line17_additional_taxes": [
      58318.263095999995,
      58318.263095999995
    ],
    "line1z_total_wages": 102200,
    "line9_total_income": 919039,
    "line18_total_tax_before_credits": 336066.99102324,
    "line21_credits_total": 0,
    "line22_tax_after_credits": 336066.99102324,
    "line24_total_tax": 336066.99102324,
    "line25d_total_withholding": 11186,
    "line33_total_payments": 11186,
    "line14_deductions_qbi_total": 15750,
    "line32_refundable_credits_total": 0,
    "line37_amount_owed": 324880.99102324
  },
  "warnings": [
    "[EXECUTOR_NODE_FAILURE] f2441: Zod validation failed for node \"f2441\": [\n  {\n    \"code\": \"invalid_type\",\n    \"expected\": \"array\",\n    \"received\": \"undefined\",\n    \"path\": [\n      \"f2441s\"\n    ],\n    \"message\": \"Required\"\n  }\n]"
  ]
}
