{
  "returnId": "e1360199-c239-4ddf-bf8a-22c83bdd682d",
  "year": 2025,
  "summary": {
    "line1z_total_wages": 789920.3,
    "line9_total_income": 952229.36,
    "line11_agi": 952229.36,
    "line15_taxable_income": 933185.88,
    "line24_total_tax": 293565.6437,
    "line33_total_payments": 265182.77999999997,
    "line37_amount_owed": 28382.863700000045
  },
  "forms": [
    "agi_aggregator",
    "eitc",
    "f1040",
    "f1040es",
    "f1099b",
    "f1099div",
    "f1099int",
    "f1099r",
    "f2441",
    "f8812",
    "form6251",
    "form8949",
    "form8959",
    "form8960",
    "form8962",
    "form8995",
    "form_1116",
    "general",
    "income_tax_calculation",
    "k1_partnership",
    "schedule1",
    "schedule2",
    "schedule3",
    "schedule_a",
    "schedule_b",
    "schedule_d",
    "schedule_se",
    "standard_deduction",
    "w2"
  ],
  "lines": {
    "line25a_w2_withheld": [
      199661.49,
      199661.49
    ],
    "line1a_wages": [
      789920.3,
      789920.3
    ],
    "line3a_qualified_dividends": [
      36097.899999999994,
      36097.899999999994
    ],
    "line5a_pension_gross": [
      66.14,
      66.14
    ],
    "line5b_pension_taxable": [
      66.14,
      66.14
    ],
    "line25b_withheld_1099": [
      16.16,
      16.16
    ],
    "filing_status": "single",
    "dependent_count": 1,
    "qualifying_child_tax_credit_count": 1,
    "other_dependent_count": 0,
    "taxpayer_first_name": "John",
    "taxpayer_last_name": "James",
    "address_city": "Springfield",
    "address_state": "IL",
    "address_zip": "62701",
    "line26_estimated_tax": [
      50800,
      50800
    ],
    "line2b_taxable_interest": [
      3419.1900000000005,
      3419.1900000000005
    ],
    "line3b_ordinary_dividends": [
      68887.01,
      68887.01
    ],
    "line7_capital_gain": [
      89936.71999999997,
      89936.71999999997
    ],
    "line25c_additional_medicare_withheld": 3786.93,
    "line11_agi": [
      952229.36,
      952229.36
    ],
    "line12e_itemized_deductions": [
      19043.48,
      19043.48
    ],
    "line15_taxable_income": [
      933185.88,
      933185.88
    ],
    "line16_income_tax": [
      281813.67370000004,
      281813.67370000004
    ],
    "line17_additional_taxes": [
      11751.97,
      11751.97
    ],
    "line31_additional_payments": [
      10918.2,
      10918.2
    ],
    "line1z_total_wages": 789920.3,
    "line9_total_income": 952229.36,
    "line18_total_tax_before_credits": 293565.6437,
    "line21_credits_total": 0,
    "line22_tax_after_credits": 293565.6437,
    "line24_total_tax": 293565.6437,
    "line25d_total_withholding": 203464.58,
    "line33_total_payments": 265182.77999999997,
    "line10_adjustments": 0,
    "line14_deductions_qbi_total": 19043.48,
    "line32_refundable_credits_total": 10918.2,
    "line37_amount_owed": 28382.863700000045
  },
  "warnings": [
    "[EXECUTOR_NODE_FAILURE] form_1116: Zod validation failed for node \"form_1116\": [\n  {\n    \"code\": \"invalid_type\",\n    \"expected\": \"number\",\n    \"received\": \"undefined\",\n    \"path\": [\n      \"foreign_income\"\n    ],\n    \"message\": \"Required\"\n  },\n  {\n    \"code\": \"invalid_type\",\n    \"expected\": \"number\",\n    \"received\": \"undefined\",\n    \"path\": [\n      \"total_income\"\n    ],\n    \"message\": \"Required\"\n  },\n  {\n    \"code\": \"invalid_type\",\n    \"expected\": \"number\",\n    \"received\": \"undefined\",\n    \"path\": [\n      \"us_tax_before_credits\"\n    ],\n    \"message\": \"Required\"\n  },\n  {\n    \"expected\": \"'passive' | 'general' | 'section_951a' | 'branch' | 'treaty' | 'section_901j'\",\n    \"received\": \"undefined\",\n    \"code\": \"invalid_type\",\n    \"path\": [\n      \"income_category\"\n    ],\n    \"message\": \"Required\"\n  },\n  {\n    \"expected\": \"'single' | 'mfj' | 'mfs' | 'hoh' | 'qss'\",\n    \"received\": \"undefined\",\n    \"code\": \"invalid_type\",\n    \"path\": [\n      \"filing_status\"\n    ],\n    \"message\": \"Required\"\n  }\n]",
    "[EXECUTOR_NODE_FAILURE] f2441: Zod validation failed for node \"f2441\": [\n  {\n    \"code\": \"invalid_type\",\n    \"expected\": \"array\",\n    \"received\": \"undefined\",\n    \"path\": [\n      \"f2441s\"\n    ],\n    \"message\": \"Required\"\n  }\n]"
  ]
}
